"No.","Time","Source","Destination","Protocol","Length","Info"
"1","0.000000","192.168.0.168","224.0.0.251","MDNS","125","Standard query 0x0000 ANY Android-3.local, ""QU"" question ANY Android-3.local, ""QU"" question A 192.168.0.168 AAAA fe80::2234:fbff:fe72:41b9"
"2","0.025562","fe80::2234:fbff:fe72:41b9","ff02::fb","MDNS","145","Standard query 0x0000 ANY Android-3.local, ""QU"" question ANY Android-3.local, ""QU"" question A 192.168.0.168 AAAA fe80::2234:fbff:fe72:41b9"
"3","0.252447","192.168.0.168","224.0.0.251","MDNS","125","Standard query 0x0000 ANY Android-3.local, ""QM"" question ANY Android-3.local, ""QM"" question A 192.168.0.168 AAAA fe80::2234:fbff:fe72:41b9"
"4","0.252447","fe80::2234:fbff:fe72:41b9","ff02::fb","MDNS","145","Standard query 0x0000 ANY Android-3.local, ""QM"" question ANY Android-3.local, ""QM"" question A 192.168.0.168 AAAA fe80::2234:fbff:fe72:41b9"
"5","0.494918","192.168.0.168","224.0.0.251","MDNS","125","Standard query 0x0000 ANY Android-3.local, ""QM"" question ANY Android-3.local, ""QM"" question A 192.168.0.168 AAAA fe80::2234:fbff:fe72:41b9"
"6","0.498762","fe80::2234:fbff:fe72:41b9","ff02::fb","MDNS","145","Standard query 0x0000 ANY Android-3.local, ""QM"" question ANY Android-3.local, ""QM"" question A 192.168.0.168 AAAA fe80::2234:fbff:fe72:41b9"
"7","0.645358","192.168.0.168","224.0.0.251","MDNS","227","Standard query response 0x0000 PTR, cache flush Android-3.local PTR, cache flush Android-3.local NSEC, cache flush 168.0.168.192.in-addr.arpa NSEC, cache flush 9.B.1.4.2.7.E.F.F.F.B.F.4.3.2.2.0.0.0.0.0.0.0.0.0.0.0.0.0.8.E.F.ip6.arpa"
"8","0.645358","fe80::2234:fbff:fe72:41b9","ff02::fb","MDNS","247","Standard query response 0x0000 PTR, cache flush Android-3.local PTR, cache flush Android-3.local NSEC, cache flush 168.0.168.192.in-addr.arpa NSEC, cache flush 9.B.1.4.2.7.E.F.F.F.B.F.4.3.2.2.0.0.0.0.0.0.0.0.0.0.0.0.0.8.E.F.ip6.arpa"
"9","0.743812","192.168.0.168","224.0.0.251","MDNS","133","Standard query response 0x0000 A, cache flush 192.168.0.168 AAAA, cache flush fe80::2234:fbff:fe72:41b9 NSEC, cache flush Android-3.local"
"10","0.743812","fe80::2234:fbff:fe72:41b9","ff02::fb","MDNS","153","Standard query response 0x0000 A, cache flush 192.168.0.168 AAAA, cache flush fe80::2234:fbff:fe72:41b9 NSEC, cache flush Android-3.local"
"11","1.645254","192.168.0.168","224.0.0.251","MDNS","291","Standard query response 0x0000 PTR, cache flush Android-3.local PTR, cache flush Android-3.local A, cache flush 192.168.0.168 AAAA, cache flush fe80::2234:fbff:fe72:41b9 NSEC, cache flush 168.0.168.192.in-addr.arpa NSEC, cache flush 9.B.1.4.2.7.E.F.F.F.B.F.4.3.2.2.0.0.0.0.0.0.0.0.0.0.0.0.0.8.E.F.ip6.arpa NSEC, cache flush Android-3.local"
"12","1.645254","fe80::2234:fbff:fe72:41b9","ff02::fb","MDNS","311","Standard query response 0x0000 PTR, cache flush Android-3.local PTR, cache flush Android-3.local A, cache flush 192.168.0.168 AAAA, cache flush fe80::2234:fbff:fe72:41b9 NSEC, cache flush 168.0.168.192.in-addr.arpa NSEC, cache flush 9.B.1.4.2.7.E.F.F.F.B.F.4.3.2.2.0.0.0.0.0.0.0.0.0.0.0.0.0.8.E.F.ip6.arpa NSEC, cache flush Android-3.local"
"13","2.171016","192.168.0.151","224.0.0.251","MDNS","103","Standard query 0x0039 PTR _17608BC8._sub._googlecast._tcp.local, ""QM"" question PTR _googlecast._tcp.local, ""QM"" question"
"14","3.589239","103.43.90.179","192.168.0.174","TLSv1.2","85","Encrypted Alert"
"15","3.589239","103.43.90.179","192.168.0.174","TCP","54","443  >  62219 [FIN, ACK] Seq=32 Ack=1 Win=37440 Len=0"
"16","3.589779","192.168.0.174","103.43.90.179","TCP","54","62219  >  443 [ACK] Seq=1 Ack=33 Win=64769 Len=0"
"17","3.755303","192.168.0.168","224.0.0.251","MDNS","291","Standard query response 0x0000 PTR, cache flush Android-3.local PTR, cache flush Android-3.local A, cache flush 192.168.0.168 AAAA, cache flush fe80::2234:fbff:fe72:41b9 NSEC, cache flush 168.0.168.192.in-addr.arpa NSEC, cache flush 9.B.1.4.2.7.E.F.F.F.B.F.4.3.2.2.0.0.0.0.0.0.0.0.0.0.0.0.0.8.E.F.ip6.arpa NSEC, cache flush Android-3.local"
"18","3.755303","fe80::2234:fbff:fe72:41b9","ff02::fb","MDNS","311","Standard query response 0x0000 PTR, cache flush Android-3.local PTR, cache flush Android-3.local A, cache flush 192.168.0.168 AAAA, cache flush fe80::2234:fbff:fe72:41b9 NSEC, cache flush 168.0.168.192.in-addr.arpa NSEC, cache flush 9.B.1.4.2.7.E.F.F.F.B.F.4.3.2.2.0.0.0.0.0.0.0.0.0.0.0.0.0.8.E.F.ip6.arpa NSEC, cache flush Android-3.local"
"19","4.434316","72.34.250.78","192.168.0.174","TLSv1.2","296","Application Data"
"20","4.434316","72.34.250.78","192.168.0.174","TLSv1.2","85","Encrypted Alert"
"21","4.434520","192.168.0.174","72.34.250.78","TCP","54","62220  >  443 [ACK] Seq=1 Ack=274 Win=515 Len=0"
"22","4.434969","192.168.0.174","72.34.250.78","TCP","54","62220  >  443 [ACK] Seq=1 Ack=275 Win=515 Len=0"
"23","5.051474","TendaTec_96:04:00","HonHaiPr_c0:15:9b","ARP","60","Who has 192.168.0.174? Tell 192.168.0.1"
"24","5.051509","HonHaiPr_c0:15:9b","TendaTec_96:04:00","ARP","42","192.168.0.174 is at 70:77:81:c0:15:9b"
"25","5.710903","192.168.0.174","106.51.113.2","DNS","89","Standard query 0x501a A clientservices.googleapis.com"
"26","5.713216","106.51.113.2","192.168.0.174","DNS","105","Standard query response 0x501a A clientservices.googleapis.com A 216.58.197.35"
"27","5.715497","192.168.0.174","216.58.197.35","QUIC","1392","Client Hello"
"28","5.716391","192.168.0.174","216.58.197.35","TCP","66","62221  >  443 [SYN] Seq=0 Win=64240 Len=0 MSS=1460 WS=256 SACK_PERM=1"
"29","5.751107","216.58.197.35","192.168.0.174","TCP","66","443  >  62221 [SYN, ACK] Seq=0 Ack=1 Win=65535 Len=0 MSS=1430 SACK_PERM=1 WS=256"
"30","5.751317","192.168.0.174","216.58.197.35","TCP","54","62221  >  443 [ACK] Seq=1 Ack=1 Win=131328 Len=0"
"31","5.780847","192.168.0.174","216.58.197.35","TLSv1.3","649","Client Hello"
"32","5.812518","216.58.197.35","192.168.0.174","TCP","54","443  >  62221 [ACK] Seq=1 Ack=596 Win=66816 Len=0"
"33","5.845758","216.58.197.35","192.168.0.174","TLSv1.3","266","Server Hello, Change Cipher Spec, Application Data"
"34","5.855417","192.168.0.174","216.58.197.35","TLSv1.3","118","Change Cipher Spec, Application Data"
"35","5.855652","192.168.0.174","216.58.197.35","TLSv1.3","146","Application Data"
"36","5.856291","192.168.0.174","216.58.197.35","TLSv1.3","361","Application Data"
"37","5.887180","216.58.197.35","192.168.0.174","TLSv1.3","634","Application Data, Application Data"
"38","5.887837","216.58.197.35","192.168.0.174","TLSv1.3","85","Application Data"
"39","5.888026","192.168.0.174","216.58.197.35","TCP","54","62221  >  443 [ACK] Seq=1059 Ack=824 Win=130560 Len=0"
"40","5.889073","192.168.0.174","216.58.197.35","TLSv1.3","85","Application Data"
"41","5.926633","216.58.197.35","192.168.0.174","TCP","54","443  >  62221 [ACK] Seq=824 Ack=1090 Win=68096 Len=0"
"42","5.974998","192.168.0.174","216.58.197.35","QUIC","1392","Client Hello"
"43","6.162108","192.168.0.174","239.255.255.250","SSDP","216","M-SEARCH * HTTP/1.1 "
"44","6.209244","216.58.197.35","192.168.0.174","TLSv1.3","339","Application Data"
"45","6.210677","216.58.197.35","192.168.0.174","TLSv1.3","85","Application Data"
"46","6.210677","216.58.197.35","192.168.0.174","TLSv1.3","93","Application Data"
"47","6.210892","192.168.0.174","216.58.197.35","TCP","54","62221  >  443 [ACK] Seq=1090 Ack=1179 Win=130304 Len=0"
"48","6.212633","192.168.0.174","216.58.197.35","TLSv1.3","93","Application Data"
"49","6.233854","216.58.197.35","192.168.0.174","TCP","56","443  >  62221 [ACK] Seq=1179 Ack=1129 Win=68096 Len=0"
"50","6.282246","192.168.0.174","216.58.197.35","QUIC","1392","Client Hello"
"51","6.889766","192.168.0.174","216.58.197.35","QUIC","1392","Client Hello"
"52","7.172466","192.168.0.174","239.255.255.250","SSDP","216","M-SEARCH * HTTP/1.1 "
"53","7.211359","192.168.0.1","239.255.255.250","SSDP","278","NOTIFY * HTTP/1.1 "
"54","7.211554","192.168.0.1","239.255.255.250","SSDP","350","NOTIFY * HTTP/1.1 "
"55","7.212348","192.168.0.1","239.255.255.250","SSDP","346","NOTIFY * HTTP/1.1 "
"56","7.212691","192.168.0.1","239.255.255.250","SSDP","326","NOTIFY * HTTP/1.1 "
"57","7.213256","192.168.0.1","239.255.255.250","SSDP","358","NOTIFY * HTTP/1.1 "
"58","7.213721","192.168.0.1","239.255.255.250","SSDP","340","NOTIFY * HTTP/1.1 "
"59","7.214258","192.168.0.1","239.255.255.250","SSDP","342","NOTIFY * HTTP/1.1 "
"60","7.214780","192.168.0.1","239.255.255.250","SSDP","342","NOTIFY * HTTP/1.1 "
"61","7.646149","192.168.0.168","224.0.0.251","MDNS","291","Standard query response 0x0000 PTR, cache flush Android-3.local PTR, cache flush Android-3.local A, cache flush 192.168.0.168 AAAA, cache flush fe80::2234:fbff:fe72:41b9 NSEC, cache flush 168.0.168.192.in-addr.arpa NSEC, cache flush 9.B.1.4.2.7.E.F.F.F.B.F.4.3.2.2.0.0.0.0.0.0.0.0.0.0.0.0.0.8.E.F.ip6.arpa NSEC, cache flush Android-3.local"
"62","7.646149","fe80::2234:fbff:fe72:41b9","ff02::fb","MDNS","311","Standard query response 0x0000 PTR, cache flush Android-3.local PTR, cache flush Android-3.local A, cache flush 192.168.0.168 AAAA, cache flush fe80::2234:fbff:fe72:41b9 NSEC, cache flush 168.0.168.192.in-addr.arpa NSEC, cache flush 9.B.1.4.2.7.E.F.F.F.B.F.4.3.2.2.0.0.0.0.0.0.0.0.0.0.0.0.0.8.E.F.ip6.arpa NSEC, cache flush Android-3.local"
"63","8.104877","192.168.0.174","216.58.197.35","QUIC","1392","Client Hello"
"64","8.116024","192.168.0.174","34.192.124.255","TLSv1.2","407","Application Data"
"65","8.116184","192.168.0.174","34.192.124.255","TLSv1.2","100","Application Data"
"66","8.183238","192.168.0.174","239.255.255.250","SSDP","216","M-SEARCH * HTTP/1.1 "
"67","8.197878","192.168.0.174","216.58.200.131","TCP","55","62168  >  443 [ACK] Seq=1 Ack=1 Win=513 Len=1 [TCP segment of a reassembled PDU]"
"68","8.238081","216.58.200.131","192.168.0.174","TCP","66","443  >  62168 [ACK] Seq=1 Ack=2 Win=270 Len=0 SLE=1 SRE=2"
"69","8.360946","34.192.124.255","192.168.0.174","TCP","56","443  >  61844 [ACK] Seq=1 Ack=354 Win=206 Len=0"
"70","8.360946","34.192.124.255","192.168.0.174","TCP","56","443  >  61844 [ACK] Seq=1 Ack=400 Win=206 Len=0"
"71","8.361110","34.192.124.255","192.168.0.174","TLSv1.2","100","Application Data"
"72","8.361835","34.192.124.255","192.168.0.174","TLSv1.2","242","Application Data"
"73","8.361835","34.192.124.255","192.168.0.174","TLSv1.2","92","Application Data"
"74","8.361984","192.168.0.174","34.192.124.255","TCP","54","61844  >  443 [ACK] Seq=400 Ack=273 Win=515 Len=0"
"75","8.608696","172.217.194.189","192.168.0.174","TLSv1.2","107","Application Data"
"76","8.656703","192.168.0.174","172.217.194.189","TCP","54","50867  >  443 [ACK] Seq=1 Ack=54 Win=509 Len=0"
"77","8.849146","192.168.0.168","239.255.255.250","SSDP","167","M-SEARCH * HTTP/1.1 "
"78","9.156296","192.168.0.168","239.255.255.250","SSDP","167","M-SEARCH * HTTP/1.1 "
"79","9.187598","192.168.0.174","239.255.255.250","SSDP","216","M-SEARCH * HTTP/1.1 "
"80","9.207708","192.168.0.168","224.0.0.251","MDNS","103","Standard query 0x0001 PTR _233637DE._sub._googlecast._tcp.local, ""QU"" question PTR _googlecast._tcp.local, ""QU"" question"
"81","9.207708","192.168.0.168","224.0.0.251","MDNS","103","Standard query 0x0001 PTR _233637DE._sub._googlecast._tcp.local, ""QU"" question PTR _googlecast._tcp.local, ""QU"" question"
"82","9.361141","192.168.0.168","239.255.255.250","SSDP","167","M-SEARCH * HTTP/1.1 "
"83","9.716023","192.168.0.174","216.58.197.35","QUIC","138","Connection Close"
"84","10.158888","192.168.0.168","224.0.0.251","MDNS","103","Standard query 0x0002 PTR _233637DE._sub._googlecast._tcp.local, ""QM"" question PTR _googlecast._tcp.local, ""QM"" question"
"85","10.896781","192.168.0.174","216.58.200.131","TCP","55","62215  >  443 [ACK] Seq=1 Ack=1 Win=510 Len=1 [TCP segment of a reassembled PDU]"
"86","10.920794","216.58.200.131","192.168.0.174","TCP","66","443  >  62215 [ACK] Seq=1 Ack=2 Win=261 Len=0 SLE=1 SRE=2"
"87","11.164094","192.168.0.168","224.0.0.251","MDNS","103","Standard query 0x0003 PTR _233637DE._sub._googlecast._tcp.local, ""QM"" question PTR _googlecast._tcp.local, ""QM"" question"
"88","11.172124","192.168.0.174","172.217.160.131","TCP","55","55038  >  443 [ACK] Seq=1 Ack=1 Win=509 Len=1 [TCP segment of a reassembled PDU]"
"89","11.226396","172.217.160.131","192.168.0.174","TCP","66","443  >  55038 [ACK] Seq=1 Ack=2 Win=2228 Len=0 SLE=1 SRE=2"
"90","13.297538","104.121.242.77","192.168.0.174","TLSv1.2","85","Encrypted Alert"
"91","13.297538","104.121.242.77","192.168.0.174","TCP","54","443  >  62218 [FIN, ACK] Seq=32 Ack=1 Win=501 Len=0"
"92","13.298197","192.168.0.174","104.121.242.77","TCP","54","62218  >  443 [ACK] Seq=1 Ack=33 Win=517 Len=0"
"93","13.298539","192.168.0.174","104.121.242.77","TCP","54","62218  >  443 [FIN, ACK] Seq=1 Ack=33 Win=0 Len=0"
"94","13.306825","104.121.242.77","192.168.0.174","TCP","54","443  >  62218 [ACK] Seq=33 Ack=2 Win=501 Len=0"
"95","15.658749","192.168.0.174","172.217.163.46","TCP","55","62189  >  443 [ACK] Seq=1 Ack=1 Win=508 Len=1 [TCP segment of a reassembled PDU]"
"96","15.711312","192.168.0.168","224.0.0.251","MDNS","291","Standard query response 0x0000 PTR, cache flush Android-3.local PTR, cache flush Android-3.local A, cache flush 192.168.0.168 AAAA, cache flush fe80::2234:fbff:fe72:41b9 NSEC, cache flush 168.0.168.192.in-addr.arpa NSEC, cache flush 9.B.1.4.2.7.E.F.F.F.B.F.4.3.2.2.0.0.0.0.0.0.0.0.0.0.0.0.0.8.E.F.ip6.arpa NSEC, cache flush Android-3.local"
"97","15.711312","fe80::2234:fbff:fe72:41b9","ff02::fb","MDNS","311","Standard query response 0x0000 PTR, cache flush Android-3.local PTR, cache flush Android-3.local A, cache flush 192.168.0.168 AAAA, cache flush fe80::2234:fbff:fe72:41b9 NSEC, cache flush 168.0.168.192.in-addr.arpa NSEC, cache flush 9.B.1.4.2.7.E.F.F.F.B.F.4.3.2.2.0.0.0.0.0.0.0.0.0.0.0.0.0.8.E.F.ip6.arpa NSEC, cache flush Android-3.local"
"98","15.711312","172.217.163.46","192.168.0.174","TCP","66","443  >  62189 [ACK] Seq=1 Ack=2 Win=350 Len=0 SLE=1 SRE=2"
"99","16.060902","TendaTec_96:04:00","HonHaiPr_c0:15:9b","ARP","60","Who has 192.168.0.174? Tell 192.168.0.1"
"100","16.060938","HonHaiPr_c0:15:9b","TendaTec_96:04:00","ARP","42","192.168.0.174 is at 70:77:81:c0:15:9b"
"101","17.402738","192.168.0.174","172.217.26.163","TCP","55","62206  >  443 [ACK] Seq=1 Ack=1 Win=508 Len=1 [TCP segment of a reassembled PDU]"
"102","17.442604","172.217.26.163","192.168.0.174","TCP","66","443  >  62206 [ACK] Seq=1 Ack=2 Win=266 Len=0 SLE=1 SRE=2"
"103","18.175998","192.168.0.174","172.253.118.188","TLSv1.2","80","Application Data"
"104","18.258340","172.253.118.188","192.168.0.174","TCP","54","5228  >  50013 [ACK] Seq=1 Ack=27 Win=265 Len=0"
"105","18.258340","172.253.118.188","192.168.0.174","TLSv1.2","80","Application Data"
"106","18.302032","192.168.0.174","172.253.118.188","TCP","54","50013  >  5228 [ACK] Seq=27 Ack=27 Win=512 Len=0"
"107","21.649979","192.168.0.151","224.0.0.251","MDNS","103","Standard query 0x003a PTR _17608BC8._sub._googlecast._tcp.local, ""QM"" question PTR _googlecast._tcp.local, ""QM"" question"
"108","22.776116","172.217.194.189","192.168.0.174","TLSv1.2","107","Application Data"
"109","22.822466","192.168.0.174","172.217.194.189","TCP","54","62216  >  443 [ACK] Seq=1 Ack=54 Win=513 Len=0"
"110","22.878550","216.58.200.131","192.168.0.174","TLSv1.2","110","Application Data"
"111","22.878550","216.58.200.131","192.168.0.174","TCP","54","443  >  62168 [FIN, ACK] Seq=57 Ack=2 Win=270 Len=0"
"112","22.879471","192.168.0.174","216.58.200.131","TCP","54","62168  >  443 [ACK] Seq=2 Ack=58 Win=513 Len=0"
"113","22.880670","192.168.0.174","216.58.200.131","TCP","54","62168  >  443 [FIN, ACK] Seq=2 Ack=58 Win=0 Len=0"
"114","22.915870","216.58.200.131","192.168.0.174","TCP","54","443  >  62168 [ACK] Seq=58 Ack=3 Win=270 Len=0"
"115","24.163791","192.168.0.174","35.244.159.8","TCP","1484","50903  >  443 [ACK] Seq=1 Ack=1 Win=510 Len=1430 [TCP segment of a reassembled PDU]"
"116","24.163791","192.168.0.174","35.244.159.8","TLSv1.2","178","Application Data"
"117","24.163901","192.168.0.174","35.244.159.8","TLSv1.2","93","Application Data"
"118","24.167127","192.168.0.174","64.233.177.120","TCP","55","62204  >  443 [ACK] Seq=1 Ack=1 Win=513 Len=1 [TCP segment of a reassembled PDU]"
"119","24.168194","192.168.0.174","104.26.3.78","TLSv1.2","121","Application Data"
"120","24.168320","192.168.0.174","104.26.3.78","TLSv1.2","1454","Application Data"
"121","24.168320","192.168.0.174","104.26.3.78","TCP","1454","50908  >  443 [ACK] Seq=1468 Ack=1 Win=509 Len=1400 [TCP segment of a reassembled PDU]"
"122","24.168320","192.168.0.174","104.26.3.78","TLSv1.2","1454","Application Data [TCP segment of a reassembled PDU]"
"123","24.168320","192.168.0.174","104.26.3.78","TLSv1.2","1046","Application Data"
"124","24.177688","192.168.0.174","72.34.250.78","TCP","54","62220  >  443 [FIN, ACK] Seq=1 Ack=275 Win=0 Len=0"
"125","24.177936","192.168.0.174","72.34.250.78","TCP","54","62217  >  443 [FIN, ACK] Seq=1 Ack=1 Win=0 Len=0"
"126","24.178113","192.168.0.174","103.43.90.179","TCP","54","62219  >  443 [FIN, ACK] Seq=1 Ack=33 Win=0 Len=0"
"127","24.178739","192.168.0.174","104.121.242.77","TCP","66","62222  >  443 [SYN] Seq=0 Win=64240 Len=0 MSS=1460 WS=256 SACK_PERM=1"
"128","24.187318","104.121.242.77","192.168.0.174","TCP","66","443  >  62222 [SYN, ACK] Seq=0 Ack=1 Win=64240 Len=0 MSS=1440 SACK_PERM=1 WS=128"
"129","24.187440","192.168.0.174","104.121.242.77","TCP","54","62222  >  443 [ACK] Seq=1 Ack=1 Win=132352 Len=0"
"130","24.191597","192.168.0.174","103.43.90.179","TCP","66","62223  >  443 [SYN] Seq=0 Win=64240 Len=0 MSS=1460 WS=256 SACK_PERM=1"
"131","24.203726","192.168.0.174","104.121.242.77","TLSv1.2","571","Client Hello"
"132","24.203726","192.168.0.174","136.144.59.88","TLSv1.2","1494","Application Data, Application Data"
"133","24.203726","192.168.0.174","136.144.59.88","TLSv1.2","1118","Application Data"
"134","24.206209","35.244.159.8","192.168.0.174","TCP","56","443  >  50903 [ACK] Seq=1 Ack=1431 Win=3396 Len=0"
"135","24.206209","35.244.159.8","192.168.0.174","TCP","56","443  >  50903 [ACK] Seq=1 Ack=1555 Win=3396 Len=0"
"136","24.206307","35.244.159.8","192.168.0.174","TCP","56","443  >  50903 [ACK] Seq=1 Ack=1594 Win=3396 Len=0"
"137","24.208627","35.244.159.8","192.168.0.174","TLSv1.2","93","Application Data"
"138","24.212106","104.121.242.77","192.168.0.174","TCP","54","443  >  62222 [ACK] Seq=1 Ack=518 Win=64128 Len=0"
"139","24.212106","104.121.242.77","192.168.0.174","TLSv1.2","200","Server Hello, Change Cipher Spec, Encrypted Handshake Message"
"140","24.213919","192.168.0.174","104.121.242.77","TLSv1.2","105","Change Cipher Spec, Encrypted Handshake Message"
"141","24.214799","192.168.0.174","104.121.242.77","TLSv1.2","153","Application Data"
"142","24.215876","192.168.0.174","104.121.242.77","TCP","1494","62222  >  443 [ACK] Seq=668 Ack=147 Win=132096 Len=1440 [TCP segment of a reassembled PDU]"
"143","24.215876","192.168.0.174","104.121.242.77","TCP","1494","62222  >  443 [ACK] Seq=2108 Ack=147 Win=132096 Len=1440 [TCP segment of a reassembled PDU]"
"144","24.215876","192.168.0.174","104.121.242.77","TCP","1494","62222  >  443 [ACK] Seq=3548 Ack=147 Win=132096 Len=1440 [TCP segment of a reassembled PDU]"
"145","24.215876","192.168.0.174","104.121.242.77","TCP","1494","62222  >  443 [ACK] Seq=4988 Ack=147 Win=132096 Len=1440 [TCP segment of a reassembled PDU]"
"146","24.215876","192.168.0.174","104.121.242.77","TLSv1.2","549","Application Data"
"147","24.222586","104.121.242.77","192.168.0.174","TCP","54","443  >  62222 [ACK] Seq=147 Ack=569 Win=64128 Len=0"
"148","24.223997","104.121.242.77","192.168.0.174","TCP","54","443  >  62222 [ACK] Seq=147 Ack=668 Win=64128 Len=0"
"149","24.224899","104.121.242.77","192.168.0.174","TLSv1.2","131","Application Data"
"150","24.224899","104.121.242.77","192.168.0.174","TCP","54","443  >  62222 [ACK] Seq=224 Ack=2108 Win=64128 Len=0"
"151","24.225002","104.121.242.77","192.168.0.174","TCP","56","443  >  62222 [ACK] Seq=224 Ack=3548 Win=64128 Len=0"
"152","24.225002","104.121.242.77","192.168.0.174","TCP","56","443  >  62222 [ACK] Seq=224 Ack=4988 Win=64128 Len=0"
"153","24.225146","104.121.242.77","192.168.0.174","TCP","56","443  >  62222 [ACK] Seq=224 Ack=6923 Win=62336 Len=0"
"154","24.225430","192.168.0.174","104.121.242.77","TLSv1.2","92","Application Data"
"155","24.226740","192.168.0.174","72.34.250.78","TCP","66","62224  >  443 [SYN] Seq=0 Win=64240 Len=0 MSS=1460 WS=256 SACK_PERM=1"
"156","24.227370","192.168.0.174","104.121.242.77","TCP","1494","62222  >  443 [ACK] Seq=6961 Ack=224 Win=132096 Len=1440 [TCP segment of a reassembled PDU]"
"157","24.227370","192.168.0.174","104.121.242.77","TCP","1494","62222  >  443 [ACK] Seq=8401 Ack=224 Win=132096 Len=1440 [TCP segment of a reassembled PDU]"
"158","24.227370","192.168.0.174","104.121.242.77","TLSv1.2","1228","Application Data"
"159","24.228494","192.168.0.174","5.178.65.246","TLSv1.2","781","Application Data"
"160","24.228590","192.168.0.174","5.178.65.246","TLSv1.2","93","Application Data"
"161","24.228739","192.168.0.174","54.230.91.23","TLSv1.2","765","Application Data"
"162","24.228843","192.168.0.174","54.230.91.23","TLSv1.2","93","Application Data"
"163","24.232945","104.121.242.77","192.168.0.174","TCP","56","443  >  62222 [ACK] Seq=224 Ack=6961 Win=64128 Len=0"
"164","24.235186","104.121.242.77","192.168.0.174","TCP","56","443  >  62222 [ACK] Seq=224 Ack=8401 Win=64128 Len=0"
"165","24.235186","104.121.242.77","192.168.0.174","TCP","56","443  >  62222 [ACK] Seq=224 Ack=9841 Win=64128 Len=0"
"166","24.235251","104.121.242.77","192.168.0.174","TCP","56","443  >  62222 [ACK] Seq=224 Ack=11015 Win=64128 Len=0"
"167","24.242040","54.230.91.23","192.168.0.174","TCP","66","443  >  50887 [ACK] Seq=1 Ack=1 Win=1326 Len=0 SLE=712 SRE=751"
"168","24.242040","54.230.91.23","192.168.0.174","TCP","56","443  >  50887 [ACK] Seq=1 Ack=751 Win=1332 Len=0"
"169","24.242144","54.230.91.23","192.168.0.174","TLSv1.2","93","Application Data"
"170","24.242248","104.26.3.78","192.168.0.174","TCP","56","443  >  50908 [ACK] Seq=1 Ack=1468 Win=1026 Len=0"
"171","24.242248","104.26.3.78","192.168.0.174","TLSv1.2","93","Application Data"
"172","24.242248","104.26.3.78","192.168.0.174","TLSv1.2","89","Application Data"
"173","24.242356","192.168.0.174","104.26.3.78","TCP","54","50908  >  443 [ACK] Seq=5260 Ack=75 Win=509 Len=0"
"174","24.249941","103.43.90.179","192.168.0.174","TCP","54","443  >  62219 [RST] Seq=33 Win=0 Len=0"
"175","24.263134","192.168.0.174","35.244.159.8","TCP","54","50903  >  443 [ACK] Seq=1594 Ack=40 Win=510 Len=0"
"176","24.264742","103.43.90.179","192.168.0.174","TCP","58","443  >  62223 [SYN, ACK] Seq=0 Ack=1 Win=26580 Len=0 MSS=1440"
"177","24.264865","192.168.0.174","103.43.90.179","TCP","54","62223  >  443 [ACK] Seq=1 Ack=1 Win=64240 Len=0"
"178","24.271502","35.244.159.8","192.168.0.174","TLSv1.2","250","Application Data"
"179","24.271502","35.244.159.8","192.168.0.174","TLSv1.2","303","Application Data"
"180","24.271595","192.168.0.174","35.244.159.8","TCP","54","50903  >  443 [ACK] Seq=1594 Ack=485 Win=508 Len=0"
"181","24.271675","35.244.159.8","192.168.0.174","TLSv1.2","194","Application Data"
"182","24.271675","35.244.159.8","192.168.0.174","TLSv1.2","93","Application Data"
"183","24.271717","192.168.0.174","35.244.159.8","TCP","54","50903  >  443 [ACK] Seq=1594 Ack=664 Win=513 Len=0"
"184","24.274323","192.168.0.174","103.43.90.179","TLSv1.2","571","Client Hello"
"185","24.274792","192.168.0.174","35.244.159.8","TLSv1.2","93","Application Data"
"186","24.276785","192.168.0.174","172.217.160.131","TLSv1.2","119","Ignored Unknown Record"
"187","24.276965","192.168.0.174","172.217.160.131","TLSv1.2","1484","Application Data"
"188","24.276965","192.168.0.174","172.217.160.131","TLSv1.2","233","Application Data"
"189","24.280738","104.26.3.78","192.168.0.174","TCP","56","443  >  50908 [ACK] Seq=75 Ack=5260 Win=1026 Len=0"
"190","24.288607","192.168.0.174","54.230.91.23","TCP","54","50887  >  443 [ACK] Seq=751 Ack=40 Win=512 Len=0"
"191","24.313038","35.244.159.8","192.168.0.174","TCP","56","443  >  50903 [ACK] Seq=664 Ack=1633 Win=3396 Len=0"
"192","24.323171","172.217.160.131","192.168.0.174","TCP","56","443  >  55038 [ACK] Seq=1 Ack=67 Win=2228 Len=0"
"193","24.323826","172.217.160.131","192.168.0.174","TCP","56","443  >  55038 [ACK] Seq=1 Ack=1497 Win=2239 Len=0"
"194","24.323826","172.217.160.131","192.168.0.174","TCP","56","443  >  55038 [ACK] Seq=1 Ack=1676 Win=2250 Len=0"
"195","24.324028","172.217.160.131","192.168.0.174","TLSv1.2","93","Application Data"
"196","24.340024","54.230.91.23","192.168.0.174","TLSv1.2","566","Application Data"
"197","24.340024","54.230.91.23","192.168.0.174","TLSv1.2","85","Application Data"
"198","24.340291","192.168.0.174","54.230.91.23","TCP","54","50887  >  443 [ACK] Seq=751 Ack=583 Win=517 Len=0"
"199","24.345516","103.43.90.179","192.168.0.174","TCP","54","443  >  62223 [ACK] Seq=1 Ack=518 Win=29480 Len=0"
"200","24.345516","103.43.90.179","192.168.0.174","TLSv1.2","210","Server Hello, Change Cipher Spec, Encrypted Handshake Message"
"201","24.353731","192.168.0.174","103.43.90.179","TLSv1.2","105","Change Cipher Spec, Encrypted Handshake Message"
"202","24.354517","192.168.0.174","103.43.90.179","TLSv1.2","1160","Application Data"
"203","24.354777","192.168.0.174","103.43.90.179","TCP","1494","62223  >  443 [ACK] Seq=1675 Ack=157 Win=64084 Len=1440 [TCP segment of a reassembled PDU]"
"204","24.354777","192.168.0.174","103.43.90.179","TCP","1494","62223  >  443 [ACK] Seq=3115 Ack=157 Win=64084 Len=1440 [TCP segment of a reassembled PDU]"
"205","24.354777","192.168.0.174","103.43.90.179","TLSv1.2","539","Application Data"
"206","24.359448","172.217.160.131","192.168.0.174","TLSv1.2","119","Application Data"
"207","24.359628","192.168.0.174","172.217.160.131","TCP","54","55038  >  443 [ACK] Seq=1676 Ack=105 Win=508 Len=0"
"208","24.360272","172.217.160.131","192.168.0.174","TLSv1.2","85","Application Data"
"209","24.360272","172.217.160.131","192.168.0.174","TLSv1.2","93","Application Data"
"210","24.360499","192.168.0.174","172.217.160.131","TCP","54","55038  >  443 [ACK] Seq=1676 Ack=175 Win=508 Len=0"
"211","24.363199","192.168.0.174","172.217.160.131","TLSv1.2","93","Application Data"
"212","24.363470","192.168.0.174","172.217.160.131","TLSv1.2","89","Application Data"
"213","24.388061","104.121.242.77","192.168.0.174","TLSv1.2","864","Application Data"
"214","24.410505","5.178.65.246","192.168.0.174","TCP","56","443  >  62186 [ACK] Seq=1 Ack=767 Win=501 Len=0"
"215","24.410505","5.178.65.246","192.168.0.174","TLSv1.2","93","Application Data"
"216","24.416531","172.217.160.131","192.168.0.174","TCP","56","443  >  55038 [ACK] Seq=175 Ack=1750 Win=2250 Len=0"
"217","24.417841","5.178.65.246","192.168.0.174","TLSv1.2","1194","Application Data"
"218","24.417946","192.168.0.174","5.178.65.246","TCP","54","62186  >  443 [ACK] Seq=767 Ack=1180 Win=517 Len=0"
"219","24.428052","192.168.0.174","104.121.242.77","TCP","54","62222  >  443 [ACK] Seq=11015 Ack=1034 Win=131328 Len=0"
"220","24.428090","103.43.90.179","192.168.0.174","TCP","54","443  >  62223 [ACK] Seq=157 Ack=1675 Win=32074 Len=0"
"221","24.428310","103.43.90.179","192.168.0.174","TCP","54","443  >  62223 [ACK] Seq=157 Ack=5040 Win=37440 Len=0"
"222","24.447640","136.144.59.88","192.168.0.174","TCP","56","443  >  50906 [ACK] Seq=1 Ack=2505 Win=4551 Len=0"
"223","24.448224","136.144.59.88","192.168.0.174","TLSv1.2","93","Application Data"
"224","24.449461","136.144.59.88","192.168.0.174","TLSv1.2","214","Application Data"
"225","24.449533","192.168.0.174","136.144.59.88","TCP","54","50906  >  443 [ACK] Seq=2505 Ack=200 Win=514 Len=0"
"226","24.470489","64.233.177.120","192.168.0.174","TCP","66","443  >  62204 [ACK] Seq=1 Ack=2 Win=290 Len=0 SLE=1 SRE=2"
"227","24.485803","72.34.250.78","192.168.0.174","TCP","54","443  >  62220 [RST] Seq=275 Win=0 Len=0"
"228","24.488087","72.34.250.78","192.168.0.174","TCP","54","443  >  62217 [RST] Seq=1 Win=0 Len=0"
"229","24.488350","192.168.0.174","72.34.250.78","TCP","66","62225  >  443 [SYN] Seq=0 Win=64240 Len=0 MSS=1460 WS=256 SACK_PERM=1"
"230","24.535901","103.43.90.179","192.168.0.174","TCP","1494","443  >  62223 [ACK] Seq=157 Ack=5040 Win=37440 Len=1440 [TCP segment of a reassembled PDU]"
"231","24.535901","103.43.90.179","192.168.0.174","TLSv1.2","78","Application Data"
"232","24.536166","192.168.0.174","103.43.90.179","TCP","54","62223  >  443 [ACK] Seq=5040 Ack=1621 Win=64800 Len=0"
"233","24.536386","72.34.250.78","192.168.0.174","TCP","66","443  >  62224 [SYN, ACK] Seq=0 Ack=1 Win=29200 Len=0 MSS=1440 SACK_PERM=1 WS=1024"
"234","24.536589","192.168.0.174","72.34.250.78","TCP","54","62224  >  443 [ACK] Seq=1 Ack=1 Win=132352 Len=0"
"235","24.569474","192.168.0.174","72.34.250.78","TLSv1.2","571","Client Hello"
"236","24.588930","104.26.3.78","192.168.0.174","TLSv1.2","636","Application Data"
"237","24.635798","192.168.0.174","104.26.3.78","TCP","54","50908  >  443 [ACK] Seq=5260 Ack=657 Win=514 Len=0"
"238","24.804706","72.34.250.78","192.168.0.174","TCP","66","443  >  62225 [SYN, ACK] Seq=0 Ack=1 Win=29200 Len=0 MSS=1440 SACK_PERM=1 WS=1024"
"239","24.804910","192.168.0.174","72.34.250.78","TCP","54","62225  >  443 [ACK] Seq=1 Ack=1 Win=132352 Len=0"
"240","24.835161","192.168.0.174","72.34.250.78","TLSv1.2","571","Client Hello"
"241","24.894075","72.34.250.78","192.168.0.174","TLSv1.2","191","Server Hello, Change Cipher Spec, Encrypted Handshake Message"
"242","24.898150","192.168.0.174","72.34.250.78","TLSv1.2","105","Change Cipher Spec, Encrypted Handshake Message"
"243","24.898782","192.168.0.174","72.34.250.78","TCP","1494","62224  >  443 [ACK] Seq=569 Ack=138 Win=132096 Len=1440 [TCP segment of a reassembled PDU]"
"244","24.898782","192.168.0.174","72.34.250.78","TLSv1.2","1033","Application Data"
"245","24.902433","104.121.242.77","192.168.0.174","TLSv1.2","770","Application Data"
"246","24.948352","192.168.0.174","104.121.242.77","TCP","54","62222  >  443 [ACK] Seq=11015 Ack=1750 Win=132352 Len=0"
"247","25.137211","72.34.250.78","192.168.0.174","TLSv1.2","191","Server Hello, Change Cipher Spec, Encrypted Handshake Message"
"248","25.140931","192.168.0.174","72.34.250.78","TLSv1.2","105","Change Cipher Spec, Encrypted Handshake Message"
"249","25.208078","72.34.250.78","192.168.0.174","TCP","54","443  >  62224 [ACK] Seq=138 Ack=2988 Win=35840 Len=0"
"250","25.209327","72.34.250.78","192.168.0.174","TLSv1.2","1453","Application Data"
"251","25.209327","72.34.250.78","192.168.0.174","TLSv1.2","418","Application Data"
"252","25.209327","72.34.250.78","192.168.0.174","TLSv1.2","113","Application Data"
"253","25.209602","192.168.0.174","72.34.250.78","TCP","54","62224  >  443 [ACK] Seq=2988 Ack=1960 Win=132352 Len=0"
"254","25.269524","192.168.0.174","216.58.200.130","TLSv1.2","785","Application Data"
"255","25.269747","192.168.0.174","216.58.200.130","TLSv1.2","93","Application Data"
"256","25.315676","216.58.200.130","192.168.0.174","TCP","56","443  >  50926 [ACK] Seq=1 Ack=771 Win=3217 Len=0"
"257","25.315676","216.58.200.130","192.168.0.174","TLSv1.2","93","Application Data"
"258","25.360421","192.168.0.174","216.58.200.130","TCP","54","50926  >  443 [ACK] Seq=771 Ack=40 Win=511 Len=0"
"259","25.367763","192.168.0.174","172.217.163.98","TLSv1.2","1398","Application Data"
"260","25.367927","192.168.0.174","172.217.163.98","TLSv1.2","93","Application Data"
"261","25.371109","192.168.0.174","172.217.163.98","TCP","1484","50900  >  443 [ACK] Seq=1384 Ack=1 Win=509 Len=1430 [TCP segment of a reassembled PDU]"
"262","25.371109","192.168.0.174","172.217.163.98","TLSv1.2","894","Application Data"
"263","25.374457","192.168.0.174","172.217.163.98","TCP","1484","50900  >  443 [ACK] Seq=3654 Ack=1 Win=509 Len=1430 [TCP segment of a reassembled PDU]"
"264","25.374457","192.168.0.174","172.217.163.98","TLSv1.2","428","Application Data"
"265","25.380663","192.168.0.174","172.217.163.98","TLSv1.2","1400","Application Data"
"266","25.387300","192.168.0.174","172.217.163.98","TLSv1.2","1410","Application Data"
"267","25.390941","192.168.0.174","172.217.163.98","TLSv1.2","1422","Application Data"
"268","25.403718","216.58.200.130","192.168.0.174","TLSv1.2","123","Application Data"
"269","25.403718","216.58.200.130","192.168.0.174","TLSv1.2","127","Application Data"
"270","25.403838","192.168.0.174","216.58.200.130","TCP","54","50926  >  443 [ACK] Seq=771 Ack=182 Win=511 Len=0"
"271","25.406514","216.58.200.130","192.168.0.174","TLSv1.2","85","Application Data"
"272","25.406514","216.58.200.130","192.168.0.174","TLSv1.2","93","Application Data"
"273","25.406623","192.168.0.174","216.58.200.130","TCP","54","50926  >  443 [ACK] Seq=771 Ack=252 Win=511 Len=0"
"274","25.406764","192.168.0.174","216.58.200.130","TLSv1.2","89","Application Data"
"275","25.407086","192.168.0.174","216.58.200.130","TLSv1.2","93","Application Data"
"276","25.418456","172.217.163.98","192.168.0.174","TCP","54","443  >  50900 [ACK] Seq=1 Ack=1345 Win=5070 Len=0"
"277","25.418456","172.217.163.98","192.168.0.174","TCP","54","443  >  50900 [ACK] Seq=1 Ack=1384 Win=5070 Len=0"
"278","25.418456","172.217.163.98","192.168.0.174","TLSv1.2","93","Application Data"
"279","25.420263","172.217.163.98","192.168.0.174","TCP","54","443  >  50900 [ACK] Seq=40 Ack=3654 Win=5075 Len=0"
"280","25.423673","172.217.163.98","192.168.0.174","TCP","54","443  >  50900 [ACK] Seq=40 Ack=5458 Win=5075 Len=0"
"281","25.434645","172.217.163.98","192.168.0.174","TCP","54","443  >  50900 [ACK] Seq=40 Ack=6804 Win=5075 Len=0"
"282","25.438313","172.217.163.98","192.168.0.174","TCP","54","443  >  50900 [ACK] Seq=40 Ack=8160 Win=5070 Len=0"
"283","25.438705","172.217.163.98","192.168.0.174","TCP","54","443  >  50900 [ACK] Seq=40 Ack=9528 Win=5070 Len=0"
"284","25.450470","216.58.200.130","192.168.0.174","TCP","56","443  >  50926 [ACK] Seq=252 Ack=845 Win=3217 Len=0"
"285","25.469733","192.168.0.174","172.217.163.98","TCP","54","50900  >  443 [ACK] Seq=9528 Ack=40 Win=509 Len=0"
"286","25.484639","72.34.250.78","192.168.0.174","TCP","54","443  >  62225 [ACK] Seq=138 Ack=569 Win=30720 Len=0"
"287","25.623935","172.217.163.98","192.168.0.174","TLSv1.2","142","Application Data"
"288","25.624197","172.217.163.98","192.168.0.174","TLSv1.2","1484","Application Data"
"289","25.624348","192.168.0.174","172.217.163.98","TCP","54","50900  >  443 [ACK] Seq=9528 Ack=1558 Win=513 Len=0"
"290","25.624528","172.217.163.98","192.168.0.174","TLSv1.2","1484","Application Data"
"291","25.624703","172.217.163.98","192.168.0.174","TLSv1.2","1484","Application Data"
"292","25.624827","192.168.0.174","172.217.163.98","TCP","54","50900  >  443 [ACK] Seq=9528 Ack=4418 Win=513 Len=0"
"293","25.624989","172.217.163.98","192.168.0.174","TLSv1.2","1484","Application Data"
"294","25.624989","172.217.163.98","192.168.0.174","TLSv1.2","1484","Application Data"
"295","25.625210","192.168.0.174","172.217.163.98","TCP","54","50900  >  443 [ACK] Seq=9528 Ack=7278 Win=513 Len=0"
"296","25.626324","172.217.163.98","192.168.0.174","TLSv1.2","1484","Application Data"
"297","25.626324","172.217.163.98","192.168.0.174","TLSv1.2","1484","Application Data"
"298","25.626547","192.168.0.174","172.217.163.98","TCP","54","50900  >  443 [ACK] Seq=9528 Ack=10138 Win=513 Len=0"
"299","25.627152","172.217.163.98","192.168.0.174","TLSv1.2","1484","Application Data"
"300","25.627152","172.217.163.98","192.168.0.174","TLSv1.2","1484","Application Data"
"301","25.627152","172.217.163.98","192.168.0.174","TLSv1.2","1484","Application Data"
"302","25.627152","172.217.163.98","192.168.0.174","TLSv1.2","1367","Application Data"
"303","25.627152","172.217.163.98","192.168.0.174","TLSv1.2","1484","Application Data"
"304","25.627152","172.217.163.98","192.168.0.174","TLSv1.2","1484","Application Data"
"305","25.627152","172.217.163.98","192.168.0.174","TLSv1.2","497","Application Data, Application Data"
"306","25.627152","172.217.163.98","192.168.0.174","TLSv1.2","93","Application Data"
"307","25.627767","192.168.0.174","172.217.163.98","TCP","54","50900  >  443 [ACK] Seq=9528 Ack=19083 Win=513 Len=0"
"308","25.630224","192.168.0.174","172.217.163.98","TLSv1.2","93","Application Data"
"309","25.634628","192.168.0.174","172.217.160.131","TLSv1.2","122","Application Data"
"310","25.634803","192.168.0.174","172.217.160.131","TCP","1484","55038  >  443 [ACK] Seq=1818 Ack=175 Win=508 Len=1430 [TCP segment of a reassembled PDU]"
"311","25.634803","192.168.0.174","172.217.160.131","TLSv1.2","335","Application Data"
"312","25.639312","172.217.163.98","192.168.0.174","TLSv1.2","144","Application Data"
"313","25.639312","172.217.163.98","192.168.0.174","TLSv1.2","229","Application Data"
"314","25.639595","192.168.0.174","172.217.163.98","TCP","54","50900  >  443 [ACK] Seq=9567 Ack=19348 Win=512 Len=0"
"315","25.639779","172.217.163.98","192.168.0.174","TLSv1.2","85","Application Data"
"316","25.656785","172.217.163.98","192.168.0.174","TLSv1.2","144","Application Data"
"317","25.656785","172.217.163.98","192.168.0.174","TLSv1.2","229","Application Data"
"318","25.657025","192.168.0.174","172.217.163.98","TCP","54","50900  >  443 [ACK] Seq=9567 Ack=19644 Win=511 Len=0"
"319","25.657342","172.217.163.98","192.168.0.174","TLSv1.2","85","Application Data"
"320","25.657508","192.168.0.174","172.217.163.98","TCP","54","50900  >  443 [ACK] Seq=9567 Ack=19675 Win=511 Len=0"
"321","25.659449","172.217.163.98","192.168.0.174","TLSv1.2","144","Application Data"
"322","25.659449","172.217.163.98","192.168.0.174","TLSv1.2","229","Application Data"
"323","25.659449","172.217.163.98","192.168.0.174","TLSv1.2","85","Application Data"
"324","25.659752","192.168.0.174","172.217.163.98","TCP","54","50900  >  443 [ACK] Seq=9567 Ack=19971 Win=510 Len=0"
"325","25.666988","172.217.163.98","192.168.0.174","TLSv1.2","144","Application Data"
"326","25.666988","172.217.163.98","192.168.0.174","TLSv1.2","228","Application Data"
"327","25.667375","192.168.0.174","172.217.163.98","TCP","54","50900  >  443 [ACK] Seq=9567 Ack=20235 Win=509 Len=0"
"328","25.667818","172.217.163.98","192.168.0.174","TLSv1.2","85","Application Data"
"329","25.667955","192.168.0.174","172.217.163.98","TCP","54","50900  >  443 [ACK] Seq=9567 Ack=20266 Win=509 Len=0"
"330","25.672221","172.217.163.98","192.168.0.174","TCP","54","443  >  50900 [ACK] Seq=20266 Ack=9567 Win=5075 Len=0"
"331","25.676821","172.217.160.131","192.168.0.174","TCP","56","443  >  55038 [ACK] Seq=175 Ack=3248 Win=2261 Len=0"
"332","25.678878","172.217.163.98","192.168.0.174","TLSv1.2","144","Application Data"
"333","25.678878","172.217.163.98","192.168.0.174","TLSv1.2","229","Application Data"
"334","25.679158","192.168.0.174","172.217.163.98","TCP","54","50900  >  443 [ACK] Seq=9567 Ack=20531 Win=513 Len=0"
"335","25.679353","172.217.163.98","192.168.0.174","TLSv1.2","85","Application Data"
"336","25.679353","172.217.163.98","192.168.0.174","TLSv1.2","93","Application Data"
"337","25.679535","192.168.0.174","172.217.163.98","TCP","54","50900  >  443 [ACK] Seq=9567 Ack=20601 Win=513 Len=0"
"338","25.682118","192.168.0.174","172.217.163.98","TLSv1.2","93","Application Data"
"339","25.682668","172.217.160.131","192.168.0.174","TCP","56","443  >  55038 [ACK] Seq=175 Ack=3529 Win=2272 Len=0"
"340","25.689914","192.168.0.174","216.58.196.174","TCP","55","62195  >  443 [ACK] Seq=1 Ack=1 Win=513 Len=1 [TCP segment of a reassembled PDU]"
"341","25.711956","172.217.160.131","192.168.0.174","TLSv1.2","119","Application Data"
"342","25.712466","172.217.160.131","192.168.0.174","TLSv1.2","85","Application Data"
"343","25.712466","172.217.160.131","192.168.0.174","TLSv1.2","93","Application Data"
"344","25.712607","192.168.0.174","172.217.160.131","TCP","54","55038  >  443 [ACK] Seq=3529 Ack=310 Win=513 Len=0"
"345","25.714758","192.168.0.174","172.217.160.131","TLSv1.2","128","Application Data, Application Data"
"346","25.717208","192.168.0.174","172.217.160.131","TLSv1.2","125","Application Data"
"347","25.717772","192.168.0.174","172.217.160.131","TLSv1.2","492","Application Data"
"348","25.732721","216.58.196.174","192.168.0.174","TCP","66","443  >  62195 [ACK] Seq=1 Ack=2 Win=270 Len=0 SLE=1 SRE=2"
"349","25.732903","172.217.163.98","192.168.0.174","TCP","54","443  >  50900 [ACK] Seq=20601 Ack=9606 Win=5075 Len=0"
"350","25.759391","172.217.160.131","192.168.0.174","TCP","56","443  >  55038 [ACK] Seq=310 Ack=3674 Win=2272 Len=0"
"351","25.764216","172.217.160.131","192.168.0.174","TCP","56","443  >  55038 [ACK] Seq=310 Ack=4112 Win=2284 Len=0"
"352","25.764901","192.168.0.174","172.217.166.100","TLSv1.2","283","Application Data"
"353","25.764999","192.168.0.174","172.217.166.100","TLSv1.2","93","Application Data"
"354","25.783063","192.168.0.174","172.217.163.98","TLSv1.2","792","Application Data"
"355","25.791556","172.217.160.131","192.168.0.174","TLSv1.2","119","Application Data"
"356","25.793099","192.168.0.174","172.217.160.131","TLSv1.2","89","Application Data"
"357","25.793492","172.217.160.131","192.168.0.174","TLSv1.2","85","Application Data"
"358","25.793492","172.217.160.131","192.168.0.174","TLSv1.2","93","Application Data"
"359","25.793596","192.168.0.174","172.217.160.131","TCP","54","55038  >  443 [ACK] Seq=4147 Ack=445 Win=513 Len=0"
"360","25.794440","192.168.0.174","172.217.160.131","TLSv1.2","93","Application Data"
"361","25.815886","192.168.0.174","216.58.200.130","TLSv1.2","791","Application Data"
"362","25.815971","192.168.0.174","216.58.200.130","TLSv1.2","93","Application Data"
"363","25.817219","172.217.166.100","192.168.0.174","TCP","54","443  >  50880 [ACK] Seq=1 Ack=230 Win=4971 Len=0"
"364","25.817219","172.217.166.100","192.168.0.174","TCP","54","443  >  50880 [ACK] Seq=1 Ack=269 Win=4971 Len=0"
"365","25.817718","172.217.166.100","192.168.0.174","TLSv1.2","93","Application Data"
"366","25.824899","172.217.163.98","192.168.0.174","TCP","54","443  >  50900 [ACK] Seq=20601 Ack=10344 Win=5075 Len=0"
"367","25.836436","172.217.160.131","192.168.0.174","TCP","56","443  >  55038 [ACK] Seq=445 Ack=4186 Win=2284 Len=0"
"368","25.845032","192.168.0.174","54.230.90.4","TLSv1.2","274","Application Data"
"369","25.845124","192.168.0.174","54.230.90.4","TLSv1.2","93","Application Data"
"370","25.845243","192.168.0.174","35.227.202.26","TLSv1.2","259","Application Data"
"371","25.845404","192.168.0.174","35.227.202.26","TLSv1.2","93","Application Data"
"372","25.857139","192.168.0.174","172.217.163.142","TCP","55","62197  >  443 [ACK] Seq=1 Ack=1 Win=513 Len=1 [TCP segment of a reassembled PDU]"
"373","25.858782","54.230.90.4","192.168.0.174","TCP","66","443  >  50936 [ACK] Seq=1 Ack=1 Win=1417 Len=0 SLE=221 SRE=260"
"374","25.858782","54.230.90.4","192.168.0.174","TCP","56","443  >  50936 [ACK] Seq=1 Ack=260 Win=1425 Len=0"
"375","25.858880","54.230.90.4","192.168.0.174","TLSv1.2","93","Application Data"
"376","25.869450","216.58.200.130","192.168.0.174","TCP","56","443  >  50925 [ACK] Seq=1 Ack=738 Win=2479 Len=0"
"377","25.869450","216.58.200.130","192.168.0.174","TCP","56","443  >  50925 [ACK] Seq=1 Ack=777 Win=2479 Len=0"
"378","25.869591","216.58.200.130","192.168.0.174","TLSv1.2","93","Application Data"
"379","25.873131","192.168.0.174","172.217.166.100","TCP","54","50880  >  443 [ACK] Seq=269 Ack=40 Win=1022 Len=0"
"380","25.887397","54.230.90.4","192.168.0.174","TLSv1.2","657","Application Data"
"381","25.887397","54.230.90.4","192.168.0.174","TLSv1.2","85","Application Data"
"382","25.887505","192.168.0.174","54.230.90.4","TCP","54","50936  >  443 [ACK] Seq=260 Ack=674 Win=517 Len=0"
"383","25.892200","192.168.0.174","35.244.159.8","TLSv1.2","271","Application Data"
"384","25.901305","35.227.202.26","192.168.0.174","TCP","54","443  >  50935 [ACK] Seq=1 Ack=206 Win=1050 Len=0"
"385","25.901305","35.227.202.26","192.168.0.174","TCP","54","443  >  50935 [ACK] Seq=1 Ack=245 Win=1050 Len=0"
"386","25.901708","35.227.202.26","192.168.0.174","TLSv1.2","93","Application Data"
"387","25.902750","172.217.163.142","192.168.0.174","TCP","66","443  >  62197 [ACK] Seq=1 Ack=2 Win=270 Len=0 SLE=1 SRE=2"
"388","25.907348","216.58.200.130","192.168.0.174","TLSv1.2","123","Application Data"
"389","25.907348","216.58.200.130","192.168.0.174","TLSv1.2","85","Application Data"
"390","25.907437","192.168.0.174","216.58.200.130","TCP","54","50925  >  443 [ACK] Seq=777 Ack=140 Win=511 Len=0"
"391","25.907541","192.168.0.174","216.58.196.174","TCP","55","62196  >  443 [ACK] Seq=1 Ack=1 Win=511 Len=1 [TCP segment of a reassembled PDU]"
"392","25.907545","216.58.200.130","192.168.0.174","TLSv1.2","93","Application Data"
"393","25.907583","192.168.0.174","216.58.200.130","TCP","54","50925  >  443 [ACK] Seq=777 Ack=179 Win=511 Len=0"
"394","25.909185","192.168.0.174","216.58.200.130","TLSv1.2","93","Application Data"
"395","25.915300","172.217.163.98","192.168.0.174","TLSv1.2","125","Application Data"
"396","25.917265","172.217.163.98","192.168.0.174","TLSv1.2","85","Application Data"
"397","25.917265","172.217.163.98","192.168.0.174","TLSv1.2","93","Application Data"
"398","25.917457","192.168.0.174","172.217.163.98","TCP","54","50900  >  443 [ACK] Seq=10344 Ack=20742 Win=513 Len=0"
"399","25.919634","192.168.0.174","172.217.163.98","TLSv1.2","93","Application Data"
"400","25.933598","192.168.0.174","216.58.200.131","TCP","54","62215  >  443 [FIN, ACK] Seq=2 Ack=1 Win=510 Len=0"
"401","25.933630","192.168.0.174","216.58.200.131","TCP","66","62226  >  443 [SYN] Seq=0 Win=64240 Len=0 MSS=1460 WS=256 SACK_PERM=1"
"402","25.950198","35.244.159.8","192.168.0.174","TCP","56","443  >  50903 [ACK] Seq=664 Ack=1850 Win=3407 Len=0"
"403","25.957267","192.168.0.174","35.227.202.26","TCP","54","50935  >  443 [ACK] Seq=245 Ack=40 Win=511 Len=0"
"404","25.964077","216.58.196.174","192.168.0.174","TCP","66","443  >  62196 [ACK] Seq=1 Ack=2 Win=282 Len=0 SLE=1 SRE=2"
"405","25.971825","216.58.200.130","192.168.0.174","TCP","56","443  >  50925 [ACK] Seq=179 Ack=816 Win=2479 Len=0"
"406","25.971825","172.217.163.98","192.168.0.174","TCP","54","443  >  50900 [ACK] Seq=20742 Ack=10383 Win=5075 Len=0"
"407","25.975289","35.227.202.26","192.168.0.174","TLSv1.2","585","Application Data"
"408","25.979119","192.168.0.174","35.227.202.26","TLSv1.2","93","Application Data"
"409","25.985121","192.168.0.174","142.250.71.2","TLSv1.2","246","Application Data"
"410","25.985276","192.168.0.174","142.250.71.2","TLSv1.2","93","Application Data"
"411","25.985790","35.244.159.8","192.168.0.174","TLSv1.2","122","Application Data"
"412","25.985790","216.58.200.131","192.168.0.174","TCP","54","443  >  62215 [FIN, ACK] Seq=1 Ack=3 Win=261 Len=0"
"413","25.986083","35.244.159.8","192.168.0.174","TLSv1.2","318","Application Data"
"414","25.986083","35.244.159.8","192.168.0.174","TLSv1.2","137","Application Data"
"415","25.986252","192.168.0.174","35.244.159.8","TCP","54","50903  >  443 [ACK] Seq=1850 Ack=1079 Win=512 Len=0"
"416","25.986438","216.58.200.131","192.168.0.174","TCP","66","443  >  62226 [SYN, ACK] Seq=0 Ack=1 Win=65535 Len=0 MSS=1430 SACK_PERM=1 WS=256"
"417","25.986438","35.244.159.8","192.168.0.174","TLSv1.2","93","Application Data"
"418","25.986708","192.168.0.174","216.58.200.131","TCP","54","62226  >  443 [ACK] Seq=1 Ack=1 Win=131328 Len=0"
"419","25.986725","192.168.0.174","216.58.200.131","TCP","54","62215  >  443 [ACK] Seq=3 Ack=2 Win=510 Len=0"
"420","25.986864","192.168.0.174","35.244.159.8","TCP","54","50903  >  443 [ACK] Seq=1850 Ack=1118 Win=512 Len=0"
"421","25.995295","172.217.166.100","192.168.0.174","TLSv1.2","280","Application Data"
"422","25.996602","172.217.166.100","192.168.0.174","TLSv1.2","85","Application Data"
"423","25.996602","172.217.166.100","192.168.0.174","TLSv1.2","93","Application Data"
"424","25.996841","192.168.0.174","172.217.166.100","TCP","54","50880  >  443 [ACK] Seq=269 Ack=336 Win=1027 Len=0"
"425","26.027578","192.168.0.174","216.58.200.131","TLSv1.3","637","Client Hello"
"426","26.027591","192.168.0.174","35.244.159.8","TLSv1.2","93","Application Data"
"427","26.027818","192.168.0.174","103.231.98.196","TCP","1494","50940  >  443 [ACK] Seq=1 Ack=1 Win=514 Len=1440 [TCP segment of a reassembled PDU]"
"428","26.027818","192.168.0.174","103.231.98.196","TCP","1494","50940  >  443 [ACK] Seq=1441 Ack=1 Win=514 Len=1440 [TCP segment of a reassembled PDU]"
"429","26.027818","192.168.0.174","103.231.98.196","TLSv1.2","135","Application Data"
"430","26.028680","192.168.0.174","172.217.166.100","TLSv1.2","93","Application Data"
"431","26.031199","35.227.202.26","192.168.0.174","TCP","54","443  >  50935 [ACK] Seq=571 Ack=284 Win=1050 Len=0"
"432","26.043213","142.250.71.2","192.168.0.174","TCP","56","443  >  50929 [ACK] Seq=1 Ack=193 Win=4021 Len=0"
"433","26.043213","142.250.71.2","192.168.0.174","TCP","56","443  >  50929 [ACK] Seq=1 Ack=232 Win=4021 Len=0"
"434","26.043468","142.250.71.2","192.168.0.174","TLSv1.2","93","Application Data"
"435","26.082980","172.217.166.100","192.168.0.174","TCP","54","443  >  50880 [ACK] Seq=336 Ack=308 Win=4971 Len=0"
"436","26.083640","142.250.71.2","192.168.0.174","TLSv1.2","120","Application Data"
"437","26.083640","142.250.71.2","192.168.0.174","TLSv1.2","255","Application Data"
"438","26.083640","142.250.71.2","192.168.0.174","TLSv1.2","85","Application Data"
"439","26.083832","192.168.0.174","142.250.71.2","TCP","54","50929  >  443 [ACK] Seq=232 Ack=338 Win=509 Len=0"
"440","26.083985","142.250.71.2","192.168.0.174","TLSv1.2","93","Application Data"
"441","26.085288","192.168.0.174","142.250.71.2","TLSv1.2","93","Application Data"
"442","26.086967","216.58.200.131","192.168.0.174","TCP","54","443  >  62226 [ACK] Seq=1 Ack=584 Win=66816 Len=0"
"443","26.091739","192.168.0.174","69.173.159.45","TLSv1.2","1211","Application Data"
"444","26.094148","35.244.159.8","192.168.0.174","TCP","56","443  >  50903 [ACK] Seq=1118 Ack=1889 Win=3407 Len=0"
"445","26.103957","103.231.98.196","192.168.0.174","TCP","56","443  >  50940 [ACK] Seq=1 Ack=1441 Win=32768 Len=0"
"446","26.105177","103.231.98.196","192.168.0.174","TCP","56","443  >  50940 [ACK] Seq=1 Ack=2962 Win=32768 Len=0"
"447","26.105773","103.231.98.196","192.168.0.174","TLSv1.2","760","Application Data"
"448","26.120529","216.58.200.131","192.168.0.174","TLSv1.3","266","Server Hello, Change Cipher Spec, Application Data"
"449","26.123163","192.168.0.174","216.58.200.131","TLSv1.3","118","Change Cipher Spec, Application Data"
"450","26.124537","192.168.0.174","142.250.71.2","TLSv1.2","404","Application Data"
"451","26.148258","142.250.71.2","192.168.0.174","TCP","56","443  >  50929 [ACK] Seq=377 Ack=271 Win=4021 Len=0"
"452","26.155633","192.168.0.174","103.231.98.196","TCP","54","50940  >  443 [ACK] Seq=2962 Ack=707 Win=511 Len=0"
"453","26.183049","142.250.71.2","192.168.0.174","TCP","56","443  >  50929 [ACK] Seq=377 Ack=621 Win=4032 Len=0"
"454","26.186976","216.58.200.131","192.168.0.174","TLSv1.3","634","Application Data, Application Data"
"455","26.213445","142.250.71.2","192.168.0.174","TLSv1.2","120","Application Data"
"456","26.213445","142.250.71.2","192.168.0.174","TLSv1.2","255","Application Data"
"457","26.213445","142.250.71.2","192.168.0.174","TLSv1.2","85","Application Data"
"458","26.213445","142.250.71.2","192.168.0.174","TLSv1.2","93","Application Data"
"459","26.213736","192.168.0.174","142.250.71.2","TCP","54","50929  >  443 [ACK] Seq=621 Ack=714 Win=513 Len=0"
"460","26.215559","192.168.0.174","142.250.71.2","TLSv1.2","93","Application Data"
"461","26.224415","192.168.0.174","142.250.71.2","TLSv1.2","166","Application Data"
"462","26.237210","192.168.0.174","216.58.200.131","TCP","54","62226  >  443 [ACK] Seq=648 Ack=793 Win=130560 Len=0"
"463","26.270652","142.250.71.2","192.168.0.174","TCP","56","443  >  50929 [ACK] Seq=714 Ack=660 Win=4032 Len=0"
"464","26.279533","142.250.71.2","192.168.0.174","TCP","56","443  >  50929 [ACK] Seq=714 Ack=772 Win=4032 Len=0"
"465","26.315783","142.250.71.2","192.168.0.174","TLSv1.2","133","Application Data"
"466","26.317538","192.168.0.174","142.250.71.2","TLSv1.2","93","Application Data"
"467","26.375750","142.250.71.2","192.168.0.174","TCP","56","443  >  50929 [ACK] Seq=793 Ack=811 Win=4032 Len=0"
"468","26.399681","192.168.0.174","69.173.159.45","TCP","1211","[TCP Retransmission] 51135  >  443 [PSH, ACK] Seq=1 Ack=1 Win=514 Len=1157"
"469","26.506177","69.173.159.45","192.168.0.174","TCP","54","443  >  51135 [ACK] Seq=654 Ack=1158 Win=51120 Len=0"
"470","26.539362","69.173.159.45","192.168.0.174","TCP","707","[TCP Retransmission] 443  >  51135 [PSH, ACK] Seq=1 Ack=1158 Win=51120 Len=653"
"471","26.545976","192.168.0.174","142.250.71.2","TLSv1.2","177","Application Data"
"472","26.579741","192.168.0.174","69.173.159.45","TCP","54","51135  >  443 [ACK] Seq=1158 Ack=654 Win=512 Len=0"
"473","26.593919","142.250.71.2","192.168.0.174","TCP","56","443  >  50929 [ACK] Seq=793 Ack=934 Win=4032 Len=0"
"474","26.629392","142.250.71.2","192.168.0.174","TLSv1.2","120","Application Data"
"475","26.629392","142.250.71.2","192.168.0.174","TLSv1.2","255","Application Data"
"476","26.629718","192.168.0.174","142.250.71.2","TCP","54","50929  >  443 [ACK] Seq=934 Ack=1060 Win=512 Len=0"
"477","26.630225","142.250.71.2","192.168.0.174","TLSv1.2","85","Application Data"
"478","26.630225","142.250.71.2","192.168.0.174","TLSv1.2","93","Application Data"
"479","26.630404","192.168.0.174","142.250.71.2","TCP","54","50929  >  443 [ACK] Seq=934 Ack=1130 Win=512 Len=0"
"480","26.631405","192.168.0.174","142.250.71.2","TLSv1.2","93","Application Data"
"481","26.683134","142.250.71.2","192.168.0.174","TCP","56","443  >  50929 [ACK] Seq=1130 Ack=973 Win=4032 Len=0"
"482","26.806441","192.168.0.174","172.217.167.138","TCP","55","62188  >  443 [ACK] Seq=1 Ack=1 Win=513 Len=1 [TCP segment of a reassembled PDU]"
"483","26.845208","172.217.167.138","192.168.0.174","TCP","66","443  >  62188 [ACK] Seq=1 Ack=2 Win=274 Len=0 SLE=1 SRE=2"
"484","27.070936","TendaTec_96:04:00","HonHaiPr_c0:15:9b","ARP","60","Who has 192.168.0.174? Tell 192.168.0.1"
"485","27.070968","HonHaiPr_c0:15:9b","TendaTec_96:04:00","ARP","42","192.168.0.174 is at 70:77:81:c0:15:9b"
"486","27.222123","72.34.250.78","192.168.0.174","TLSv1.2","85","Encrypted Alert"
"487","27.222123","72.34.250.78","192.168.0.174","TCP","54","443  >  62224 [FIN, ACK] Seq=1991 Ack=2988 Win=35840 Len=0"
"488","27.222712","192.168.0.174","72.34.250.78","TCP","54","62224  >  443 [ACK] Seq=2988 Ack=1992 Win=132352 Len=0"
"489","27.375165","192.168.0.174","255.255.255.255","UDP","82","49669  >  1947 Len=40"
"490","31.389091","192.168.0.174","192.168.0.255","UDP","82","49669  >  1947 Len=40"
"491","31.684650","192.168.0.168","224.0.0.251","MDNS","291","Standard query response 0x0000 PTR, cache flush Android-3.local PTR, cache flush Android-3.local A, cache flush 192.168.0.168 AAAA, cache flush fe80::2234:fbff:fe72:41b9 NSEC, cache flush 168.0.168.192.in-addr.arpa NSEC, cache flush 9.B.1.4.2.7.E.F.F.F.B.F.4.3.2.2.0.0.0.0.0.0.0.0.0.0.0.0.0.8.E.F.ip6.arpa NSEC, cache flush Android-3.local"
"492","31.684650","fe80::2234:fbff:fe72:41b9","ff02::fb","MDNS","311","Standard query response 0x0000 PTR, cache flush Android-3.local PTR, cache flush Android-3.local A, cache flush 192.168.0.168 AAAA, cache flush fe80::2234:fbff:fe72:41b9 NSEC, cache flush 168.0.168.192.in-addr.arpa NSEC, cache flush 9.B.1.4.2.7.E.F.F.F.B.F.4.3.2.2.0.0.0.0.0.0.0.0.0.0.0.0.0.8.E.F.ip6.arpa NSEC, cache flush Android-3.local"
"493","34.551877","103.43.90.179","192.168.0.174","TLSv1.2","85","Encrypted Alert"
"494","34.551877","103.43.90.179","192.168.0.174","TCP","54","443  >  62223 [FIN, ACK] Seq=1652 Ack=5040 Win=37440 Len=0"
"495","34.552371","192.168.0.174","103.43.90.179","TCP","54","62223  >  443 [ACK] Seq=5040 Ack=1653 Win=64769 Len=0"
"496","34.963416","172.217.194.189","192.168.0.174","TLSv1.2","107","Application Data"
"497","35.004156","192.168.0.174","172.217.194.189","TCP","54","50867  >  443 [ACK] Seq=1 Ack=107 Win=509 Len=0"
"498","35.427632","72.34.250.78","192.168.0.174","TLSv1.2","296","Application Data"
"499","35.427632","72.34.250.78","192.168.0.174","TLSv1.2","85","Encrypted Alert"
"500","35.427914","192.168.0.174","72.34.250.78","TCP","54","62225  >  443 [ACK] Seq=569 Ack=411 Win=131840 Len=0"
"501","35.428213","192.168.0.174","72.34.250.78","TCP","54","62225  >  443 [ACK] Seq=569 Ack=412 Win=131840 Len=0"
"502","37.316507","192.168.0.1","239.255.255.250","SSDP","278","NOTIFY * HTTP/1.1 "
"503","37.317044","192.168.0.1","239.255.255.250","SSDP","350","NOTIFY * HTTP/1.1 "
"504","37.317637","192.168.0.1","239.255.255.250","SSDP","346","NOTIFY * HTTP/1.1 "
"505","37.318240","192.168.0.1","239.255.255.250","SSDP","326","NOTIFY * HTTP/1.1 "
"506","37.318614","192.168.0.1","239.255.255.250","SSDP","358","NOTIFY * HTTP/1.1 "
"507","37.319130","192.168.0.1","239.255.255.250","SSDP","340","NOTIFY * HTTP/1.1 "
"508","37.319613","192.168.0.1","239.255.255.250","SSDP","342","NOTIFY * HTTP/1.1 "
"509","37.320122","192.168.0.1","239.255.255.250","SSDP","342","NOTIFY * HTTP/1.1 "
"510","38.091616","192.168.0.174","216.239.32.116","TCP","55","62182  >  443 [ACK] Seq=1 Ack=1 Win=512 Len=1 [TCP segment of a reassembled PDU]"
"511","38.092846","TendaTec_96:04:00","HonHaiPr_c0:15:9b","ARP","60","Who has 192.168.0.174? Tell 192.168.0.1"
"512","38.092860","HonHaiPr_c0:15:9b","TendaTec_96:04:00","ARP","42","192.168.0.174 is at 70:77:81:c0:15:9b"
"513","38.149999","216.239.32.116","192.168.0.174","TCP","66","443  >  62182 [ACK] Seq=1 Ack=2 Win=279 Len=0 SLE=1 SRE=2"
"514","40.081294","SamsungE_a1:72:18","Broadcast","ARP","42","Who has 192.168.0.1? Tell 192.168.0.151"
"515","40.257320","192.168.0.174","192.168.0.255","NBNS","92","Name query NB DESKTOP-1A5J0EC<1c>"
"516","40.599416","192.168.0.174","216.58.196.162","TCP","55","62202  >  443 [ACK] Seq=1 Ack=1 Win=513 Len=1 [TCP segment of a reassembled PDU]"
"517","40.615869","192.168.0.174","216.58.196.162","TCP","55","62203  >  443 [ACK] Seq=1 Ack=1 Win=513 Len=1 [TCP segment of a reassembled PDU]"
"518","40.696177","216.58.196.162","192.168.0.174","TCP","66","443  >  62202 [ACK] Seq=1 Ack=2 Win=266 Len=0 SLE=1 SRE=2"
"519","40.696177","216.58.196.162","192.168.0.174","TCP","66","443  >  62203 [ACK] Seq=1 Ack=2 Win=268 Len=0 SLE=1 SRE=2"
"520","40.854183","192.168.0.174","172.217.26.206","TCP","55","62181  >  443 [ACK] Seq=1 Ack=1 Win=510 Len=1 [TCP segment of a reassembled PDU]"
"521","41.004073","172.217.26.206","192.168.0.174","TCP","66","443  >  62181 [ACK] Seq=1 Ack=2 Win=273 Len=0 SLE=1 SRE=2"
"522","41.017464","192.168.0.174","192.168.0.255","NBNS","92","Name query NB DESKTOP-1A5J0EC<1c>"
"523","41.416868","192.168.0.151","224.0.0.251","MDNS","103","Standard query 0x003b PTR _17608BC8._sub._googlecast._tcp.local, ""QM"" question PTR _googlecast._tcp.local, ""QM"" question"
"524","41.777843","192.168.0.174","192.168.0.255","NBNS","92","Name query NB DESKTOP-1A5J0EC<1c>"
"525","41.835414","192.168.0.174","172.217.26.206","TCP","55","62180  >  443 [ACK] Seq=1 Ack=1 Win=512 Len=1 [TCP segment of a reassembled PDU]"
"526","41.869897","172.217.26.206","192.168.0.174","TCP","66","443  >  62180 [ACK] Seq=1 Ack=2 Win=386 Len=0 SLE=1 SRE=2"
"527","42.112708","192.168.0.174","172.217.26.163","TLSv1.2","175","Ignored Unknown Record"
"528","42.158458","172.217.26.163","192.168.0.174","TCP","56","443  >  62206 [ACK] Seq=1 Ack=123 Win=266 Len=0"
"529","42.158740","172.217.26.163","192.168.0.174","TLSv1.2","93","Application Data"
"530","42.197679","172.217.26.163","192.168.0.174","TLSv1.2","145","Application Data"
"531","42.197679","172.217.26.163","192.168.0.174","TLSv1.2","128","Application Data"
"532","42.197679","172.217.26.163","192.168.0.174","TLSv1.2","93","Application Data"
"533","42.197889","192.168.0.174","172.217.26.163","TCP","54","62206  >  443 [ACK] Seq=123 Ack=244 Win=513 Len=0"
"534","42.199448","192.168.0.174","172.217.26.163","TLSv1.2","93","Application Data"
"535","42.260000","172.217.26.163","192.168.0.174","TCP","56","443  >  62206 [ACK] Seq=244 Ack=162 Win=266 Len=0"
"536","44.236587","104.121.242.77","192.168.0.174","TLSv1.2","85","Encrypted Alert"
"537","44.236587","104.121.242.77","192.168.0.174","TCP","54","443  >  62222 [FIN, ACK] Seq=1781 Ack=11015 Win=64128 Len=0"
"538","44.237018","192.168.0.174","104.121.242.77","TCP","54","62222  >  443 [ACK] Seq=11015 Ack=1782 Win=132352 Len=0"
"539","44.237361","192.168.0.174","104.121.242.77","TCP","54","62222  >  443 [FIN, ACK] Seq=11015 Ack=1782 Win=0 Len=0"
"540","44.245561","104.121.242.77","192.168.0.174","TCP","54","443  >  62222 [ACK] Seq=1782 Ack=11016 Win=64128 Len=0"
"541","48.115005","192.168.0.174","172.217.26.163","TLSv1.2","135","Application Data"
"542","48.273534","172.217.26.163","192.168.0.174","TCP","56","443  >  62206 [ACK] Seq=244 Ack=243 Win=266 Len=0"
"543","48.273534","172.217.26.163","192.168.0.174","TLSv1.2","145","Application Data"
"544","48.273534","172.217.26.163","192.168.0.174","TLSv1.2","128","Application Data"
"545","48.273534","172.217.26.163","192.168.0.174","TLSv1.2","93","Application Data"
"546","48.273774","192.168.0.174","172.217.26.163","TCP","54","62206  >  443 [ACK] Seq=243 Ack=448 Win=513 Len=0"
"547","48.275242","192.168.0.174","172.217.26.163","TLSv1.2","93","Application Data"
"548","48.279563","172.217.26.163","192.168.0.174","TLSv1.2","93","[TCP Spurious Retransmission] , Application Data"
"549","48.279685","192.168.0.174","172.217.26.163","TCP","66","[TCP Dup ACK 546#1] 62206  >  443 [ACK] Seq=282 Ack=448 Win=513 Len=0 SLE=409 SRE=448"
"550","48.340975","172.217.26.163","192.168.0.174","TCP","56","443  >  62206 [ACK] Seq=448 Ack=282 Win=266 Len=0"
"551","49.092895","TendaTec_96:04:00","HonHaiPr_c0:15:9b","ARP","60","Who has 192.168.0.174? Tell 192.168.0.1"
"552","49.092930","HonHaiPr_c0:15:9b","TendaTec_96:04:00","ARP","42","192.168.0.174 is at 70:77:81:c0:15:9b"
"553","49.962274","192.168.0.174","52.139.250.253","TLSv1.2","157","Application Data"
"554","50.030586","52.139.250.253","192.168.0.174","TLSv1.2","227","Application Data"
"555","50.076539","192.168.0.174","52.139.250.253","TCP","54","49782  >  443 [ACK] Seq=104 Ack=174 Win=514 Len=0"
"556","50.480832","172.217.194.189","192.168.0.174","TLSv1.2","107","Application Data"
"557","50.524766","192.168.0.174","172.217.194.189","TCP","54","62216  >  443 [ACK] Seq=1 Ack=107 Win=513 Len=0"
"558","51.238421","192.168.0.174","216.58.197.35","TCP","55","[TCP Keep-Alive] 62221  >  443 [ACK] Seq=1128 Ack=1179 Win=130304 Len=1"
"559","51.279868","216.58.197.35","192.168.0.174","TCP","66","[TCP Keep-Alive ACK] 443  >  62221 [ACK] Seq=1179 Ack=1129 Win=68096 Len=0 SLE=1128 SRE=1129"
